user_id,user_name,user_avatar,location,number_reviews,number_photos
1,Bernhard Rodriguez,https://s3.amazonaws.com/uifaces/faces/twitter/mds/128.jpg,Watersmouth Georgia,20,37
2,Tamia Auer,https://s3.amazonaws.com/uifaces/faces/twitter/antonyzotov/128.jpg,North Bradfordborough Georgia,41,39
3,Everett Kihn,https://s3.amazonaws.com/uifaces/faces/twitter/vitor376/128.jpg,Josefinaview Alabama,50,25
4,Eve Fritsch,https://s3.amazonaws.com/uifaces/faces/twitter/demersdesigns/128.jpg,West Rashawn Florida,14,25
5,Jessika McGlynn,https://s3.amazonaws.com/uifaces/faces/twitter/barputro/128.jpg,Port Angelo Montana,33,39
6,Earl Halvorson,https://s3.amazonaws.com/uifaces/faces/twitter/carbontwelve/128.jpg,Hyattton Pennsylvania,10,22
7,Kaden Runolfsson,https://s3.amazonaws.com/uifaces/faces/twitter/stephcoue/128.jpg,Kerlukeview Kansas,24,7
8,Nedra Kertzmann DVM,https://s3.amazonaws.com/uifaces/faces/twitter/thedamianhdez/128.jpg,Port Susanton Rhode Island,13,12
9,Soledad Swift,https://s3.amazonaws.com/uifaces/faces/twitter/vm_f/128.jpg,West Opal California,10,27
10,Abby Simonis,https://s3.amazonaws.com/uifaces/faces/twitter/s4f1/128.jpg,Krajcikville Michigan,32,14
11,Rasheed Hammes Sr.,https://s3.amazonaws.com/uifaces/faces/twitter/switmer777/128.jpg,West Deangelofurt Wyoming,35,5
12,Laurence Bradtke,https://s3.amazonaws.com/uifaces/faces/twitter/scottfeltham/128.jpg,Wiltonport North Dakota,20,6
13,Gonzalo Pollich,https://s3.amazonaws.com/uifaces/faces/twitter/vikasvinfotech/128.jpg,West Maurinestad South Dakota,39,14
14,Kolby Lebsack,https://s3.amazonaws.com/uifaces/faces/twitter/jamiebrittain/128.jpg,Toyport Oregon,26,8
15,Carolina Reilly,https://s3.amazonaws.com/uifaces/faces/twitter/mwarkentin/128.jpg,Rueckertown Washington,26,8
16,Lora O'Hara,https://s3.amazonaws.com/uifaces/faces/twitter/nbirckel/128.jpg,East Kassandraburgh Maryland,38,37
17,Adam Luettgen,https://s3.amazonaws.com/uifaces/faces/twitter/angelceballos/128.jpg,Lake Lexie Indiana,11,37
18,Virgil Legros,https://s3.amazonaws.com/uifaces/faces/twitter/betraydan/128.jpg,North Jaqueline Idaho,11,16
19,Lavonne Torphy,https://s3.amazonaws.com/uifaces/faces/twitter/scottkclark/128.jpg,Groverberg Colorado,23,39
20,Drew Konopelski,https://s3.amazonaws.com/uifaces/faces/twitter/amayvs/128.jpg,North Sidneymouth Virginia,27,37
21,Dr. Jan Treutel,https://s3.amazonaws.com/uifaces/faces/twitter/woodsman001/128.jpg,Jacyntheberg New Jersey,15,32
22,Pascale Reichel,https://s3.amazonaws.com/uifaces/faces/twitter/mr_shiznit/128.jpg,Gleasonview Missouri,23,6
23,Bria Nitzsche,https://s3.amazonaws.com/uifaces/faces/twitter/jeremymouton/128.jpg,Patienceborough Montana,12,21
24,Mariano Hane,https://s3.amazonaws.com/uifaces/faces/twitter/dmitriychuta/128.jpg,Rodrickton Maine,18,28
25,Eleonore Schimmel,https://s3.amazonaws.com/uifaces/faces/twitter/bolzanmarco/128.jpg,Manuelborough Hawaii,29,11
26,Shayne Daugherty,https://s3.amazonaws.com/uifaces/faces/twitter/aleksitappura/128.jpg,Ondrickamouth Iowa,25,12
27,Lucy Block,https://s3.amazonaws.com/uifaces/faces/twitter/kurtinc/128.jpg,North Retachester Indiana,40,40
28,Demario Fritsch,https://s3.amazonaws.com/uifaces/faces/twitter/barputro/128.jpg,Port Bridie Wisconsin,19,19
29,Westley Rath,https://s3.amazonaws.com/uifaces/faces/twitter/andresdjasso/128.jpg,Port Mikelport Minnesota,39,24
30,Yazmin Yundt,https://s3.amazonaws.com/uifaces/faces/twitter/michaelbrooksjr/128.jpg,Spencerburgh Nevada,50,40
31,Javier Murray,https://s3.amazonaws.com/uifaces/faces/twitter/nasirwd/128.jpg,Rosenbaumhaven Montana,22,16
32,Wilfredo Renner,https://s3.amazonaws.com/uifaces/faces/twitter/juaumlol/128.jpg,Cletusmouth North Dakota,20,28
33,Jadyn Rutherford,https://s3.amazonaws.com/uifaces/faces/twitter/IsaryAmairani/128.jpg,Houstonburgh West Virginia,13,23
34,Aryanna Wintheiser IV,https://s3.amazonaws.com/uifaces/faces/twitter/noxdzine/128.jpg,Port Cobyfort Nevada,18,17
35,Thad Collins,https://s3.amazonaws.com/uifaces/faces/twitter/nomidesigns/128.jpg,Krisfurt Minnesota,34,31
36,Diamond Zulauf,https://s3.amazonaws.com/uifaces/faces/twitter/bpartridge/128.jpg,North Adeline Washington,28,22
37,Clemens Wolf,https://s3.amazonaws.com/uifaces/faces/twitter/dpmachado/128.jpg,Port Louveniachester Vermont,28,25
38,Hoyt Aufderhar Sr.,https://s3.amazonaws.com/uifaces/faces/twitter/madewulf/128.jpg,Ritchiefurt Utah,37,32
39,Jevon Schmitt,https://s3.amazonaws.com/uifaces/faces/twitter/muridrahhal/128.jpg,Heathcoteberg Utah,5,9
40,Miss Talia Padberg,https://s3.amazonaws.com/uifaces/faces/twitter/fiterik/128.jpg,Port Wardport Wisconsin,34,27
41,Hank Herzog,https://s3.amazonaws.com/uifaces/faces/twitter/doronmalki/128.jpg,North Adela South Carolina,13,5
42,Birdie Kuhn,https://s3.amazonaws.com/uifaces/faces/twitter/jonsgotwood/128.jpg,Morissettemouth Kansas,3,9
43,Eleanore Thiel,https://s3.amazonaws.com/uifaces/faces/twitter/ma_tiax/128.jpg,Lake Aglae Missouri,49,22
44,Mckenzie Ruecker,https://s3.amazonaws.com/uifaces/faces/twitter/russoedu/128.jpg,East Jenningstown Massachusetts,1,13
45,Sydni Marquardt,https://s3.amazonaws.com/uifaces/faces/twitter/rweve/128.jpg,South Tyreek Michigan,21,2
46,Percival Maggio,https://s3.amazonaws.com/uifaces/faces/twitter/deviljho_/128.jpg,Bufordtown Washington,47,13
47,Dena Mann,https://s3.amazonaws.com/uifaces/faces/twitter/thiagovernetti/128.jpg,Schuppemouth Minnesota,16,27
48,Alena Friesen,https://s3.amazonaws.com/uifaces/faces/twitter/ludwiczakpawel/128.jpg,Jackburgh Massachusetts,19,38
49,Krystal Ritchie,https://s3.amazonaws.com/uifaces/faces/twitter/elenadissi/128.jpg,Shermanfort Georgia,49,20
50,Harold Daugherty,https://s3.amazonaws.com/uifaces/faces/twitter/r_garcia/128.jpg,New Miltonhaven Delaware,21,7
51,Kay Beier,https://s3.amazonaws.com/uifaces/faces/twitter/nicolai_larsen/128.jpg,South Esther Colorado,49,18
52,Cara Wilkinson,https://s3.amazonaws.com/uifaces/faces/twitter/danillos/128.jpg,Kiehnville Nebraska,7,13
53,Markus Cartwright,https://s3.amazonaws.com/uifaces/faces/twitter/nbirckel/128.jpg,Skilesfort Kansas,27,17
54,Estella Bernhard,https://s3.amazonaws.com/uifaces/faces/twitter/jpscribbles/128.jpg,Lockmanside Tennessee,42,21
55,Jeanie Rice,https://s3.amazonaws.com/uifaces/faces/twitter/iamgarth/128.jpg,Evelineshire Tennessee,27,2
56,Mckayla Cormier,https://s3.amazonaws.com/uifaces/faces/twitter/jonkspr/128.jpg,Bernhardborough Louisiana,40,3
57,Genoveva Waelchi,https://s3.amazonaws.com/uifaces/faces/twitter/S0ufi4n3/128.jpg,New Dorris Nebraska,30,27
58,Brad Reichel V,https://s3.amazonaws.com/uifaces/faces/twitter/ratbus/128.jpg,Sonyaville New Hampshire,12,31
59,Elissa Conn,https://s3.amazonaws.com/uifaces/faces/twitter/dudestein/128.jpg,Katelynnmouth Oklahoma,18,31
60,Toney Hintz,https://s3.amazonaws.com/uifaces/faces/twitter/dev_essentials/128.jpg,Lake Joan Montana,13,32
61,Verlie Lockman,https://s3.amazonaws.com/uifaces/faces/twitter/mahdif/128.jpg,Port Schuyler Delaware,36,40
62,Osvaldo Green,https://s3.amazonaws.com/uifaces/faces/twitter/victorquinn/128.jpg,West Brigitteton South Carolina,30,19
63,Genesis Little,https://s3.amazonaws.com/uifaces/faces/twitter/thierrykoblentz/128.jpg,Monroemouth Vermont,33,16
64,Karson Bauch,https://s3.amazonaws.com/uifaces/faces/twitter/stalewine/128.jpg,South Darionville Massachusetts,37,34
65,Kelsie Kerluke,https://s3.amazonaws.com/uifaces/faces/twitter/baumann_alex/128.jpg,South Bertside South Dakota,26,16
66,Thea Schiller IV,https://s3.amazonaws.com/uifaces/faces/twitter/nwdsha/128.jpg,East Tatumview Tennessee,48,29
67,Jesus Schowalter,https://s3.amazonaws.com/uifaces/faces/twitter/ateneupopular/128.jpg,Jesusland Mississippi,48,9
68,Guiseppe Koch,https://s3.amazonaws.com/uifaces/faces/twitter/dss49/128.jpg,Faheyton Rhode Island,15,6
69,Nels Hamill,https://s3.amazonaws.com/uifaces/faces/twitter/atanism/128.jpg,Prosaccotown Vermont,20,33
70,Magali Ratke,https://s3.amazonaws.com/uifaces/faces/twitter/maximsorokin/128.jpg,New Judgeburgh Oklahoma,34,4
71,Opal Bradtke,https://s3.amazonaws.com/uifaces/faces/twitter/sasha_shestakov/128.jpg,Griffintown Montana,27,17
72,Rosalee Ankunding II,https://s3.amazonaws.com/uifaces/faces/twitter/kaelifa/128.jpg,New Letitia Rhode Island,10,20
73,Lennie Morissette,https://s3.amazonaws.com/uifaces/faces/twitter/perfectflow/128.jpg,Lake Ethelchester New Jersey,28,35
74,Zelda Hills,https://s3.amazonaws.com/uifaces/faces/twitter/nbirckel/128.jpg,Christiansenmouth Montana,40,33
75,Albertha Fahey,https://s3.amazonaws.com/uifaces/faces/twitter/kostaspt/128.jpg,Port Aidenchester Nevada,6,14
76,Ms. Angelita Fisher,https://s3.amazonaws.com/uifaces/faces/twitter/meln1ks/128.jpg,Rueckermouth Wyoming,2,10
77,Sam Beier V,https://s3.amazonaws.com/uifaces/faces/twitter/diesellaws/128.jpg,North Luciechester Idaho,8,29
78,Mrs. Newton Hagenes,https://s3.amazonaws.com/uifaces/faces/twitter/dpmachado/128.jpg,Bennychester Tennessee,16,17
79,Wilfred Schroeder,https://s3.amazonaws.com/uifaces/faces/twitter/wegotvices/128.jpg,East Rey Wyoming,50,17
80,Dina Cormier,https://s3.amazonaws.com/uifaces/faces/twitter/kohette/128.jpg,South Karina West Virginia,50,16
81,Rachel Buckridge II,https://s3.amazonaws.com/uifaces/faces/twitter/nfedoroff/128.jpg,Wymanfort Mississippi,11,29
82,Waino Wunsch,https://s3.amazonaws.com/uifaces/faces/twitter/jjsiii/128.jpg,West Rodolfomouth South Dakota,34,32
83,Madilyn Abernathy,https://s3.amazonaws.com/uifaces/faces/twitter/vijaykarthik/128.jpg,Jazminmouth Indiana,21,12
84,Virginie Parisian,https://s3.amazonaws.com/uifaces/faces/twitter/ryanjohnson_me/128.jpg,New Elliott Connecticut,45,27
85,Winifred O'Connell,https://s3.amazonaws.com/uifaces/faces/twitter/haruintesettden/128.jpg,Port Wilma Idaho,13,38
86,Allison Walker MD,https://s3.amazonaws.com/uifaces/faces/twitter/rez___a/128.jpg,Kertzmannmouth South Carolina,35,7
87,Karl Moen DDS,https://s3.amazonaws.com/uifaces/faces/twitter/antonyzotov/128.jpg,New Israeltown Florida,24,2
88,Lucius Davis MD,https://s3.amazonaws.com/uifaces/faces/twitter/faisalabid/128.jpg,East Wallacehaven Minnesota,21,27
89,Ernestina Langosh,https://s3.amazonaws.com/uifaces/faces/twitter/davidcazalis/128.jpg,South Jermeyshire Michigan,49,27
90,Cristal Prosacco,https://s3.amazonaws.com/uifaces/faces/twitter/martinansty/128.jpg,Port Jedland Florida,29,37
91,Colleen Hickle,https://s3.amazonaws.com/uifaces/faces/twitter/thewillbeard/128.jpg,Felipebury New Mexico,28,20
92,Veronica Stamm II,https://s3.amazonaws.com/uifaces/faces/twitter/shinze/128.jpg,Markfort Delaware,11,35
93,Henry Kozey,https://s3.amazonaws.com/uifaces/faces/twitter/benjamin_knight/128.jpg,Lake Rosemarie Iowa,6,21
94,Ms. Naomi Kulas,https://s3.amazonaws.com/uifaces/faces/twitter/mighty55/128.jpg,Gussieton Arizona,17,15
95,Tara Cartwright,https://s3.amazonaws.com/uifaces/faces/twitter/r_garcia/128.jpg,South Altaside Iowa,28,27
96,Eduardo Trantow,https://s3.amazonaws.com/uifaces/faces/twitter/simobenso/128.jpg,Hilpertshire Virginia,27,5
97,Jeffrey Konopelski,https://s3.amazonaws.com/uifaces/faces/twitter/andreas_pr/128.jpg,Lake Juana Iowa,25,21
98,Ms. Elyse Kiehn,https://s3.amazonaws.com/uifaces/faces/twitter/lewisainslie/128.jpg,Enidstad Minnesota,27,17
99,Mike MacGyver,https://s3.amazonaws.com/uifaces/faces/twitter/marclgonzales/128.jpg,Howardhaven Florida,18,9
100,Dr. Maverick Bartoletti,https://s3.amazonaws.com/uifaces/faces/twitter/michalhron/128.jpg,Nitzschestad Louisiana,31,8
